p1,p2,p3,p4,p5,counts,norm_counts
4260750,,,,,526,0.11336206896551725
4944849,,,,,251,0.054094827586206894
4944787,,,,,79,0.017025862068965517
4669632,,,,,58,0.0125
4943740,,,,,55,0.011853448275862068
4734935,,,,,22,0.0047413793103448275
1454784,,,,,19,0.004094827586206897
4447087,,,,,15,0.003232758620689655
4941479,,,,,15,0.003232758620689655
4944373,,,,,14,0.003017241379310345
4822327,,,,,13,0.0028017241379310344
4943500,,,,,12,0.002586206896551724
4944333,,,,,11,0.0023706896551724138
4942289,,,,,11,0.0023706896551724138
4943306,4678805.0,,,,10,0.0021551724137931034
4943047,,,,,10,0.0021551724137931034
4857489,,,,,10,0.0021551724137931034
4943417,,,,,10,0.0021551724137931034
4930418,,,,,9,0.001939655172413793
4942745,,,,,9,0.001939655172413793
4943954,,,,,9,0.001939655172413793
4943416,,,,,9,0.001939655172413793
4944316,,,,,9,0.001939655172413793
4723129,,,,,9,0.001939655172413793
4724582,,,,,8,0.0017241379310344827
3642618,,,,,8,0.0017241379310344827
4752586,,,,,8,0.0017241379310344827
4943609,,,,,8,0.0017241379310344827
2233762,2247180.0,,,,8,0.0017241379310344827
3377662,,,,,8,0.0017241379310344827
4942491,,,,,8,0.0017241379310344827
4944322,,,,,8,0.0017241379310344827
2139249,,,,,8,0.0017241379310344827
4944047,,,,,8,0.0017241379310344827
4943650,,,,,7,0.0015086206896551724
4677281,,,,,7,0.0015086206896551724
4943686,,,,,7,0.0015086206896551724
4743671,,,,,7,0.0015086206896551724
4701883,,,,,7,0.0015086206896551724
4930030,,,,,7,0.0015086206896551724
4943341,,,,,7,0.0015086206896551724
4636683,,,,,7,0.0015086206896551724
4944599,,,,,7,0.0015086206896551724
4944315,,,,,7,0.0015086206896551724
4944283,,,,,7,0.0015086206896551724
4736246,,,,,7,0.0015086206896551724
4943858,,,,,7,0.0015086206896551724
4943348,,,,,7,0.0015086206896551724
4875619,,,,,7,0.0015086206896551724
4944210,,,,,7,0.0015086206896551724
4632275,,,,,7,0.0015086206896551724
4628642,,,,,7,0.0015086206896551724
4643894,,,,,7,0.0015086206896551724
501296,3168840.0,,,,6,0.001293103448275862
4869280,,,,,6,0.001293103448275862
4944338,,,,,6,0.001293103448275862
4943208,,,,,6,0.001293103448275862
4804616,,,,,6,0.001293103448275862
2666344,,,,,6,0.001293103448275862
4943493,,,,,6,0.001293103448275862
4944316,4644890.0,,,,6,0.001293103448275862
4943409,,,,,6,0.001293103448275862
4944255,,,,,6,0.001293103448275862
4943702,,,,,6,0.001293103448275862
3309829,,,,,6,0.001293103448275862
2217876,,,,,6,0.001293103448275862
4942240,,,,,6,0.001293103448275862
4943694,4669837.0,,,,6,0.001293103448275862
4671109,,,,,6,0.001293103448275862
4943626,,,,,6,0.001293103448275862
4666441,,,,,6,0.001293103448275862
4944476,,,,,6,0.001293103448275862
252052,,,,,6,0.001293103448275862
2310790,,,,,6,0.001293103448275862
2164361,,,,,6,0.001293103448275862
4943355,,,,,6,0.001293103448275862
4796673,,,,,6,0.001293103448275862
4821988,,,,,6,0.001293103448275862
4943719,,,,,6,0.001293103448275862
4674524,,,,,6,0.001293103448275862
4943712,,,,,6,0.001293103448275862
4944250,,,,,6,0.001293103448275862
4875527,,,,,6,0.001293103448275862
3778595,,,,,6,0.001293103448275862
1801374,,,,,6,0.001293103448275862
4943130,,,,,6,0.001293103448275862
4734747,,,,,6,0.001293103448275862
1971503,,,,,5,0.0010775862068965517
4942910,,,,,5,0.0010775862068965517
875842,4717259.0,,,,5,0.0010775862068965517
1133265,,,,,5,0.0010775862068965517
2816234,,,,,5,0.0010775862068965517
3284881,,,,,5,0.0010775862068965517
4943689,,,,,5,0.0010775862068965517
4712179,,,,,5,0.0010775862068965517
4901080,,,,,5,0.0010775862068965517
4816894,,,,,5,0.0010775862068965517
3081615,,,,,5,0.0010775862068965517
1911763,,,,,5,0.0010775862068965517
4943454,,,,,5,0.0010775862068965517
1896833,,,,,5,0.0010775862068965517
4628048,,,,,5,0.0010775862068965517
4673173,,,,,5,0.0010775862068965517
4887614,,,,,5,0.0010775862068965517
4923875,,,,,5,0.0010775862068965517
4944232,,,,,5,0.0010775862068965517
4837384,,,,,5,0.0010775862068965517
671663,,,,,5,0.0010775862068965517
4930851,,,,,5,0.0010775862068965517
4626475,,,,,5,0.0010775862068965517
4648834,,,,,5,0.0010775862068965517
4256780,,,,,5,0.0010775862068965517
4820567,,,,,5,0.0010775862068965517
1620721,1454784.0,,,,5,0.0010775862068965517
4945018,,,,,5,0.0010775862068965517
4667016,,,,,5,0.0010775862068965517
2665915,,,,,5,0.0010775862068965517
4942559,,,,,5,0.0010775862068965517
4656582,,,,,5,0.0010775862068965517
4935478,,,,,5,0.0010775862068965517
4942350,,,,,5,0.0010775862068965517
4658756,,,,,5,0.0010775862068965517
4944251,,,,,5,0.0010775862068965517
4825995,,,,,5,0.0010775862068965517
1720597,,,,,5,0.0010775862068965517
4836437,4936252.0,,,,5,0.0010775862068965517
4659537,,,,,5,0.0010775862068965517
1775078,,,,,5,0.0010775862068965517
4809285,,,,,5,0.0010775862068965517
4842560,,,,,5,0.0010775862068965517
4639432,,,,,5,0.0010775862068965517
4944251,4940994.0,,,,5,0.0010775862068965517
4629153,,,,,5,0.0010775862068965517
4634369,,,,,5,0.0010775862068965517
1959246,,,,,5,0.0010775862068965517
4837563,,,,,5,0.0010775862068965517
1060752,,,,,5,0.0010775862068965517
4944005,,,,,5,0.0010775862068965517
4631968,,,,,5,0.0010775862068965517
3416725,4650366.0,,,,5,0.0010775862068965517
4944660,,,,,5,0.0010775862068965517
4944669,,,,,5,0.0010775862068965517
3220446,,,,,5,0.0010775862068965517
2891443,,,,,5,0.0010775862068965517
1784166,,,,,5,0.0010775862068965517
2775923,,,,,5,0.0010775862068965517
3930803,,,,,5,0.0010775862068965517
4904752,,,,,5,0.0010775862068965517
4944522,,,,,5,0.0010775862068965517
4943765,,,,,5,0.0010775862068965517
4943852,,,,,4,0.0008620689655172414
3822656,,,,,4,0.0008620689655172414
4667057,,,,,4,0.0008620689655172414
4882930,,,,,4,0.0008620689655172414
4147455,,,,,4,0.0008620689655172414
4902155,,,,,4,0.0008620689655172414
4145863,4877035.0,,,,4,0.0008620689655172414
3459325,,,,,4,0.0008620689655172414
4944199,,,,,4,0.0008620689655172414
4865183,,,,,4,0.0008620689655172414
4629858,,,,,4,0.0008620689655172414
4820896,,,,,4,0.0008620689655172414
4944317,,,,,4,0.0008620689655172414
4942251,,,,,4,0.0008620689655172414
4869048,,,,,4,0.0008620689655172414
601741,,,,,4,0.0008620689655172414
1472444,,,,,4,0.0008620689655172414
4944014,,,,,4,0.0008620689655172414
4879822,,,,,4,0.0008620689655172414
2790272,,,,,4,0.0008620689655172414
4796970,,,,,4,0.0008620689655172414
1393657,,,,,4,0.0008620689655172414
4451778,,,,,4,0.0008620689655172414
4742676,,,,,4,0.0008620689655172414
684537,,,,,4,0.0008620689655172414
4844236,,,,,4,0.0008620689655172414
2703241,,,,,4,0.0008620689655172414
4942241,,,,,4,0.0008620689655172414
4791600,,,,,4,0.0008620689655172414
4877986,,,,,4,0.0008620689655172414
4943036,,,,,4,0.0008620689655172414
4468805,2242338.0,,,,4,0.0008620689655172414
4943594,,,,,4,0.0008620689655172414
1014989,,,,,4,0.0008620689655172414
4943346,,,,,4,0.0008620689655172414
4633705,,,,,4,0.0008620689655172414
4944278,,,,,4,0.0008620689655172414
4729865,,,,,4,0.0008620689655172414
4627834,,,,,4,0.0008620689655172414
4944005,518430.0,,,,4,0.0008620689655172414
4795277,,,,,4,0.0008620689655172414
4943760,,,,,4,0.0008620689655172414
4666640,,,,,4,0.0008620689655172414
4943368,,,,,4,0.0008620689655172414
4942129,,,,,4,0.0008620689655172414
4863510,,,,,4,0.0008620689655172414
4637972,,,,,4,0.0008620689655172414
2673115,,,,,4,0.0008620689655172414
4942867,,,,,4,0.0008620689655172414
518142,,,,,4,0.0008620689655172414
4944723,,,,,4,0.0008620689655172414
509197,2800874.0,,,,4,0.0008620689655172414
4662635,,,,,4,0.0008620689655172414
4367209,4798721.0,,,,4,0.0008620689655172414
2803183,,,,,4,0.0008620689655172414
3446166,,,,,4,0.0008620689655172414
4369222,,,,,4,0.0008620689655172414
4943108,4630605.0,,,,4,0.0008620689655172414
1181879,,,,,4,0.0008620689655172414
3481655,4265342.0,,,,4,0.0008620689655172414
4942778,,,,,4,0.0008620689655172414
3440009,,,,,4,0.0008620689655172414
4625410,,,,,4,0.0008620689655172414
545700,,,,,4,0.0008620689655172414
4944203,,,,,4,0.0008620689655172414
4625550,,,,,4,0.0008620689655172414
4943703,,,,,4,0.0008620689655172414
1697904,,,,,4,0.0008620689655172414
821552,,,,,4,0.0008620689655172414
4942622,,,,,4,0.0008620689655172414
4796385,,,,,4,0.0008620689655172414
4944377,,,,,4,0.0008620689655172414
4944516,,,,,4,0.0008620689655172414
4943175,,,,,4,0.0008620689655172414
4747396,,,,,4,0.0008620689655172414
3054365,,,,,4,0.0008620689655172414
4666039,,,,,4,0.0008620689655172414
1788419,,,,,4,0.0008620689655172414
4944334,,,,,4,0.0008620689655172414
3475902,,,,,4,0.0008620689655172414
4758098,,,,,4,0.0008620689655172414
2964716,,,,,4,0.0008620689655172414
4867130,,,,,4,0.0008620689655172414
4943614,,,,,4,0.0008620689655172414
4887357,,,,,4,0.0008620689655172414
4675300,,,,,4,0.0008620689655172414
2679010,,,,,4,0.0008620689655172414
518284,,,,,4,0.0008620689655172414
4739360,4826339.0,,,,4,0.0008620689655172414
4745429,,,,,4,0.0008620689655172414
4204949,,,,,4,0.0008620689655172414
2338315,,,,,4,0.0008620689655172414
4840654,,,,,4,0.0008620689655172414
2932486,,,,,4,0.0008620689655172414
373088,,,,,4,0.0008620689655172414
4459396,,,,,4,0.0008620689655172414
2368443,,,,,4,0.0008620689655172414
4944231,,,,,4,0.0008620689655172414
4726175,4943460.0,,,,4,0.0008620689655172414
4942369,,,,,4,0.0008620689655172414
4640602,,,,,4,0.0008620689655172414
4655708,4803418.0,,,,4,0.0008620689655172414
4391910,,,,,4,0.0008620689655172414
2112938,,,,,4,0.0008620689655172414
1030523,,,,,4,0.0008620689655172414
4941148,,,,,4,0.0008620689655172414
4944339,,,,,4,0.0008620689655172414
4931313,,,,,4,0.0008620689655172414
2997677,,,,,4,0.0008620689655172414
4943022,,,,,4,0.0008620689655172414
4186146,,,,,4,0.0008620689655172414
4632459,,,,,4,0.0008620689655172414
4749058,,,,,4,0.0008620689655172414
4805847,,,,,4,0.0008620689655172414
4942580,,,,,4,0.0008620689655172414
4862893,,,,,4,0.0008620689655172414
4625409,,,,,4,0.0008620689655172414
4887396,,,,,4,0.0008620689655172414
4943626,4919896.0,,,,4,0.0008620689655172414
4871392,3798486.0,3801476.0,,,4,0.0008620689655172414
4635138,4944244.0,,,,4,0.0008620689655172414
4252185,,,,,4,0.0008620689655172414
1583239,,,,,4,0.0008620689655172414
3080527,,,,,4,0.0008620689655172414
4648542,,,,,4,0.0008620689655172414
4943579,,,,,4,0.0008620689655172414
3467218,,,,,4,0.0008620689655172414
4664673,,,,,4,0.0008620689655172414
879058,,,,,4,0.0008620689655172414
4799440,,,,,4,0.0008620689655172414
4941168,,,,,4,0.0008620689655172414
1705598,4260750.0,,,,4,0.0008620689655172414
760391,,,,,4,0.0008620689655172414
2515588,,,,,3,0.000646551724137931
4824287,,,,,3,0.000646551724137931
4655247,,,,,3,0.000646551724137931
4939918,,,,,3,0.000646551724137931
263602,,,,,3,0.000646551724137931
3985928,,,,,3,0.000646551724137931
2359146,,,,,3,0.000646551724137931
4022105,,,,,3,0.000646551724137931
1963786,,,,,3,0.000646551724137931
3076133,,,,,3,0.000646551724137931
2290480,,,,,3,0.000646551724137931
4812133,,,,,3,0.000646551724137931
4943519,,,,,3,0.000646551724137931
4903080,,,,,3,0.000646551724137931
4777214,4944849.0,,,,3,0.000646551724137931
4866217,4748505.0,,,,3,0.000646551724137931
4942671,,,,,3,0.000646551724137931
4675153,,,,,3,0.000646551724137931
4944264,4942140.0,,,,3,0.000646551724137931
1564062,,,,,3,0.000646551724137931
4822884,,,,,3,0.000646551724137931
4874514,,,,,3,0.000646551724137931
3397623,,,,,3,0.000646551724137931
4903834,,,,,3,0.000646551724137931
4943876,,,,,3,0.000646551724137931
3209983,4260750.0,,,,3,0.000646551724137931
4941649,,,,,3,0.000646551724137931
4937330,,,,,3,0.000646551724137931
3041164,,,,,3,0.000646551724137931
3078383,,,,,3,0.000646551724137931
1621275,,,,,3,0.000646551724137931
4653253,,,,,3,0.000646551724137931
4942163,,,,,3,0.000646551724137931
4817610,,,,,3,0.000646551724137931
3449326,,,,,3,0.000646551724137931
4641397,,,,,3,0.000646551724137931
1469697,,,,,3,0.000646551724137931
4260751,,,,,3,0.000646551724137931
1655258,,,,,3,0.000646551724137931
4879859,,,,,3,0.000646551724137931
4943805,,,,,3,0.000646551724137931
400297,,,,,3,0.000646551724137931
4642466,,,,,3,0.000646551724137931
4944308,,,,,3,0.000646551724137931
4882198,,,,,3,0.000646551724137931
4845143,,,,,3,0.000646551724137931
4625780,,,,,3,0.000646551724137931
4943741,,,,,3,0.000646551724137931
3456482,,,,,3,0.000646551724137931
2137139,4944340.0,,,,3,0.000646551724137931
1996633,,,,,3,0.000646551724137931
522164,,,,,3,0.000646551724137931
4917054,,,,,3,0.000646551724137931
3956599,,,,,3,0.000646551724137931
2330453,4943377.0,,,,3,0.000646551724137931
4492454,,,,,3,0.000646551724137931
4683974,,,,,3,0.000646551724137931
1713402,,,,,3,0.000646551724137931
4941922,,,,,3,0.000646551724137931
4862787,,,,,3,0.000646551724137931
4814534,,,,,3,0.000646551724137931
4499336,,,,,3,0.000646551724137931
2200062,,,,,3,0.000646551724137931
1496308,,,,,3,0.000646551724137931
4635747,,,,,3,0.000646551724137931
4943934,,,,,3,0.000646551724137931
4943334,,,,,3,0.000646551724137931
4627371,,,,,3,0.000646551724137931
2685450,,,,,3,0.000646551724137931
4485552,,,,,3,0.000646551724137931
3192358,,,,,3,0.000646551724137931
1813724,4944317.0,,,,3,0.000646551724137931
4818468,,,,,3,0.000646551724137931
4944275,,,,,3,0.000646551724137931
4827146,,,,,3,0.000646551724137931
58949,,,,,3,0.000646551724137931
2211137,,,,,3,0.000646551724137931
1290516,,,,,3,0.000646551724137931
4498087,,,,,3,0.000646551724137931
1816982,,,,,3,0.000646551724137931
3044148,,,,,3,0.000646551724137931
4651960,,,,,3,0.000646551724137931
4942520,,,,,3,0.000646551724137931
4944372,2768668.0,,,,3,0.000646551724137931
1783991,1682775.0,,,,3,0.000646551724137931
4938456,,,,,3,0.000646551724137931
4664376,,,,,3,0.000646551724137931
4944419,,,,,3,0.000646551724137931
4942554,,,,,3,0.000646551724137931
2233373,,,,,3,0.000646551724137931
4245509,,,,,3,0.000646551724137931
4661444,,,,,3,0.000646551724137931
4943853,4888556.0,,,,3,0.000646551724137931
4154237,,,,,3,0.000646551724137931
4823654,,,,,3,0.000646551724137931
4498795,4854838.0,,,,3,0.000646551724137931
2348194,,,,,3,0.000646551724137931
4725540,,,,,3,0.000646551724137931
4735117,,,,,3,0.000646551724137931
4728112,,,,,3,0.000646551724137931
4942492,,,,,3,0.000646551724137931
4935405,,,,,3,0.000646551724137931
4843244,,,,,3,0.000646551724137931
4835457,,,,,3,0.000646551724137931
4636581,,,,,3,0.000646551724137931
3560097,1165556.0,,,,3,0.000646551724137931
4920485,1705498.0,,,,3,0.000646551724137931
4099712,,,,,3,0.000646551724137931
3904671,,,,,3,0.000646551724137931
4943759,,,,,3,0.000646551724137931
4931075,,,,,3,0.000646551724137931
4636185,,,,,3,0.000646551724137931
2355704,,,,,3,0.000646551724137931
4472780,,,,,3,0.000646551724137931
4803441,,,,,3,0.000646551724137931
4874522,,,,,3,0.000646551724137931
3073905,,,,,3,0.000646551724137931
4814687,,,,,3,0.000646551724137931
4942128,,,,,3,0.000646551724137931
4943412,,,,,3,0.000646551724137931
523621,,,,,3,0.000646551724137931
4944262,,,,,3,0.000646551724137931
2291787,,,,,3,0.000646551724137931
1821899,,,,,3,0.000646551724137931
4942324,,,,,3,0.000646551724137931
4939118,,,,,3,0.000646551724137931
1788036,,,,,3,0.000646551724137931
4943972,,,,,3,0.000646551724137931
3324213,,,,,3,0.000646551724137931
1785578,,,,,3,0.000646551724137931
507262,,,,,3,0.000646551724137931
4828539,,,,,3,0.000646551724137931
4730346,,,,,3,0.000646551724137931
2944846,,,,,3,0.000646551724137931
4626396,,,,,3,0.000646551724137931
2727368,,,,,3,0.000646551724137931
4060847,,,,,3,0.000646551724137931
3046483,,,,,3,0.000646551724137931
4805123,,,,,3,0.000646551724137931
4941803,,,,,3,0.000646551724137931
387766,4845302.0,,,,3,0.000646551724137931
4941012,,,,,3,0.000646551724137931
4803367,,,,,3,0.000646551724137931
4711143,,,,,3,0.000646551724137931
3185107,,,,,3,0.000646551724137931
1337199,,,,,3,0.000646551724137931
4811584,,,,,3,0.000646551724137931
4738468,,,,,3,0.000646551724137931
4755283,,,,,3,0.000646551724137931
691728,,,,,3,0.000646551724137931
4941166,,,,,3,0.000646551724137931
187432,,,,,3,0.000646551724137931
1141836,,,,,3,0.000646551724137931
4922867,,,,,3,0.000646551724137931
4488964,,,,,3,0.000646551724137931
4677180,,,,,3,0.000646551724137931
4649956,,,,,3,0.000646551724137931
3077911,,,,,3,0.000646551724137931
4941037,,,,,3,0.000646551724137931
4944626,,,,,3,0.000646551724137931
4081033,,,,,3,0.000646551724137931
2053260,,,,,3,0.000646551724137931
1832852,,,,,3,0.000646551724137931
1788953,,,,,3,0.000646551724137931
4942323,,,,,3,0.000646551724137931
2373559,,,,,3,0.000646551724137931
4824098,,,,,3,0.000646551724137931
4941842,,,,,3,0.000646551724137931
2355246,1651465.0,,,,3,0.000646551724137931
4865636,,,,,3,0.000646551724137931
1786281,,,,,3,0.000646551724137931
4662238,,,,,3,0.000646551724137931
4944338,4943487.0,,,,3,0.000646551724137931
626061,,,,,3,0.000646551724137931
1834297,,,,,3,0.000646551724137931
3727359,4660830.0,,,,3,0.000646551724137931
4481154,3439997.0,,,,3,0.000646551724137931
4840516,,,,,3,0.000646551724137931
2190581,,,,,3,0.000646551724137931
4943993,,,,,3,0.000646551724137931
2273646,,,,,3,0.000646551724137931
4910288,,,,,3,0.000646551724137931
4074726,,,,,3,0.000646551724137931
4050446,,,,,3,0.000646551724137931
1215161,,,,,3,0.000646551724137931
4888518,,,,,3,0.000646551724137931
4730714,,,,,3,0.000646551724137931
4944840,,,,,3,0.000646551724137931
4483680,4090338.0,,,,3,0.000646551724137931
4867299,,,,,3,0.000646551724137931
4944235,,,,,3,0.000646551724137931
2347684,,,,,3,0.000646551724137931
2704839,,,,,3,0.000646551724137931
4827147,,,,,3,0.000646551724137931
4923389,,,,,3,0.000646551724137931
4944285,,,,,3,0.000646551724137931
4942444,,,,,3,0.000646551724137931
4644790,,,,,3,0.000646551724137931
4740775,,,,,3,0.000646551724137931
2096226,,,,,3,0.000646551724137931
4862960,,,,,3,0.000646551724137931
4800995,,,,,3,0.000646551724137931
4942662,,,,,3,0.000646551724137931
4919638,,,,,3,0.000646551724137931
4944484,,,,,3,0.000646551724137931
2350574,,,,,3,0.000646551724137931
4943376,,,,,3,0.000646551724137931
4941972,,,,,3,0.000646551724137931
4643506,,,,,3,0.000646551724137931
613780,,,,,3,0.000646551724137931
4943973,,,,,3,0.000646551724137931
4738762,,,,,3,0.000646551724137931
4225539,,,,,3,0.000646551724137931
4941165,,,,,3,0.000646551724137931
4923406,,,,,3,0.000646551724137931
4942723,,,,,3,0.000646551724137931
4943514,,,,,3,0.000646551724137931
2603190,,,,,3,0.000646551724137931
2794340,,,,,3,0.000646551724137931
4943108,,,,,3,0.000646551724137931
4417108,,,,,3,0.000646551724137931
4796429,,,,,3,0.000646551724137931
3667066,,,,,3,0.000646551724137931
4944005,2987486.0,,,,3,0.000646551724137931
2202002,,,,,3,0.000646551724137931
2271525,,,,,3,0.000646551724137931
2463103,,,,,3,0.000646551724137931
1779802,,,,,3,0.000646551724137931
4638649,,,,,3,0.000646551724137931
4942899,,,,,3,0.000646551724137931
589493,,,,,3,0.000646551724137931
2713625,,,,,3,0.000646551724137931
4941429,,,,,3,0.000646551724137931
4646332,4260750.0,,,,3,0.000646551724137931
4874486,,,,,3,0.000646551724137931
507195,,,,,3,0.000646551724137931
4671322,,,,,3,0.000646551724137931
4843176,,,,,3,0.000646551724137931
4942657,,,,,3,0.000646551724137931
1146796,,,,,3,0.000646551724137931
4397640,,,,,3,0.000646551724137931
4050057,,,,,3,0.000646551724137931
4109706,4941684.0,,,,3,0.000646551724137931
3026999,,,,,3,0.000646551724137931
4752254,,,,,3,0.000646551724137931
4917594,,,,,2,0.0004310344827586207
2988070,,,,,2,0.0004310344827586207
1788662,,,,,2,0.0004310344827586207
4838496,,,,,2,0.0004310344827586207
4196721,,,,,2,0.0004310344827586207
4943497,,,,,2,0.0004310344827586207
4793262,,,,,2,0.0004310344827586207
4275199,,,,,2,0.0004310344827586207
4943694,,,,,2,0.0004310344827586207
4635873,,,,,2,0.0004310344827586207
4232268,,,,,2,0.0004310344827586207
2152471,,,,,2,0.0004310344827586207
223110,,,,,2,0.0004310344827586207
2341352,,,,,2,0.0004310344827586207
4861305,,,,,2,0.0004310344827586207
4414387,,,,,2,0.0004310344827586207
4899136,,,,,2,0.0004310344827586207
4638673,,,,,2,0.0004310344827586207
4632878,4805272.0,,,,2,0.0004310344827586207
1181517,,,,,2,0.0004310344827586207
508421,,,,,2,0.0004310344827586207
4944019,,,,,2,0.0004310344827586207
35469,,,,,2,0.0004310344827586207
4663955,,,,,2,0.0004310344827586207
4904531,,,,,2,0.0004310344827586207
4711361,,,,,2,0.0004310344827586207
1778976,,,,,2,0.0004310344827586207
4471860,4942044.0,,,,2,0.0004310344827586207
2536962,,,,,2,0.0004310344827586207
4941690,,,,,2,0.0004310344827586207
4795213,,,,,2,0.0004310344827586207
4829147,4944227.0,,,,2,0.0004310344827586207
4942702,,,,,2,0.0004310344827586207
4675355,,,,,2,0.0004310344827586207
2732699,4942057.0,,,,2,0.0004310344827586207
4943011,,,,,2,0.0004310344827586207
1857830,,,,,2,0.0004310344827586207
4942729,4941949.0,,,,2,0.0004310344827586207
4943904,,,,,2,0.0004310344827586207
3354530,,,,,2,0.0004310344827586207
2478931,,,,,2,0.0004310344827586207
4942961,,,,,2,0.0004310344827586207
2149910,,,,,2,0.0004310344827586207
4889338,,,,,2,0.0004310344827586207
4185578,,,,,2,0.0004310344827586207
3141884,,,,,2,0.0004310344827586207
2258792,,,,,2,0.0004310344827586207
4864975,,,,,2,0.0004310344827586207
4799263,,,,,2,0.0004310344827586207
4120908,,,,,2,0.0004310344827586207
4756870,,,,,2,0.0004310344827586207
1438188,2356496.0,,,,2,0.0004310344827586207
1504792,1732365.0,,,,2,0.0004310344827586207
4942227,,,,,2,0.0004310344827586207
4499332,,,,,2,0.0004310344827586207
698707,,,,,2,0.0004310344827586207
4341710,,,,,2,0.0004310344827586207
4941374,,,,,2,0.0004310344827586207
4327683,,,,,2,0.0004310344827586207
2277859,,,,,2,0.0004310344827586207
4837567,,,,,2,0.0004310344827586207
3840207,,,,,2,0.0004310344827586207
4943117,,,,,2,0.0004310344827586207
4682524,4653461.0,,,,2,0.0004310344827586207
4936921,,,,,2,0.0004310344827586207
4729165,,,,,2,0.0004310344827586207
4944958,,,,,2,0.0004310344827586207
4845475,523012.0,,,,2,0.0004310344827586207
4944548,,,,,2,0.0004310344827586207
4633154,,,,,2,0.0004310344827586207
4807538,,,,,2,0.0004310344827586207
4673163,,,,,2,0.0004310344827586207
1116229,,,,,2,0.0004310344827586207
3865138,,,,,2,0.0004310344827586207
4875368,,,,,2,0.0004310344827586207
3079345,,,,,2,0.0004310344827586207
1568024,,,,,2,0.0004310344827586207
1852763,,,,,2,0.0004310344827586207
3535397,,,,,2,0.0004310344827586207
4943909,,,,,2,0.0004310344827586207
4935432,,,,,2,0.0004310344827586207
4942614,4943879.0,,,,2,0.0004310344827586207
2367997,,,,,2,0.0004310344827586207
4941121,,,,,2,0.0004310344827586207
2765025,,,,,2,0.0004310344827586207
4806568,,,,,2,0.0004310344827586207
1144521,,,,,2,0.0004310344827586207
4666933,,,,,2,0.0004310344827586207
4795321,,,,,2,0.0004310344827586207
1526113,,,,,2,0.0004310344827586207
2268498,,,,,2,0.0004310344827586207
4841789,,,,,2,0.0004310344827586207
1786153,,,,,2,0.0004310344827586207
4838655,,,,,2,0.0004310344827586207
4748981,,,,,2,0.0004310344827586207
4636408,,,,,2,0.0004310344827586207
4639170,,,,,2,0.0004310344827586207
4944067,,,,,2,0.0004310344827586207
4942627,,,,,2,0.0004310344827586207
2724501,,,,,2,0.0004310344827586207
2732852,4941779.0,,,,2,0.0004310344827586207
2800866,,,,,2,0.0004310344827586207
4136994,,,,,2,0.0004310344827586207
4941445,,,,,2,0.0004310344827586207
4813285,,,,,2,0.0004310344827586207
2065927,,,,,2,0.0004310344827586207
4935459,,,,,2,0.0004310344827586207
3381877,,,,,2,0.0004310344827586207
4832804,,,,,2,0.0004310344827586207
709282,,,,,2,0.0004310344827586207
4667975,,,,,2,0.0004310344827586207
4400725,,,,,2,0.0004310344827586207
4865952,,,,,2,0.0004310344827586207
2510418,,,,,2,0.0004310344827586207
4814115,,,,,2,0.0004310344827586207
4865786,,,,,2,0.0004310344827586207
1784599,,,,,2,0.0004310344827586207
4944171,4495198.0,,,,2,0.0004310344827586207
4928989,,,,,2,0.0004310344827586207
1727219,,,,,2,0.0004310344827586207
1116074,,,,,2,0.0004310344827586207
4943310,,,,,2,0.0004310344827586207
3391806,,,,,2,0.0004310344827586207
54356,,,,,2,0.0004310344827586207
2850960,,,,,2,0.0004310344827586207
4944972,,,,,2,0.0004310344827586207
4806373,,,,,2,0.0004310344827586207
2777012,,,,,2,0.0004310344827586207
4810196,,,,,2,0.0004310344827586207
2368915,,,,,2,0.0004310344827586207
4748571,,,,,2,0.0004310344827586207
4810388,,,,,2,0.0004310344827586207
4782679,,,,,2,0.0004310344827586207
4633813,,,,,2,0.0004310344827586207
4941792,,,,,2,0.0004310344827586207
4676012,,,,,2,0.0004310344827586207
4793718,,,,,2,0.0004310344827586207
2219331,,,,,2,0.0004310344827586207
3054604,,,,,2,0.0004310344827586207
2701814,,,,,2,0.0004310344827586207
4930867,,,,,2,0.0004310344827586207
4694556,,,,,2,0.0004310344827586207
4875561,,,,,2,0.0004310344827586207
4942904,,,,,2,0.0004310344827586207
2695960,,,,,2,0.0004310344827586207
4919635,,,,,2,0.0004310344827586207
1789404,,,,,2,0.0004310344827586207
4942587,,,,,2,0.0004310344827586207
2163666,,,,,2,0.0004310344827586207
4945040,,,,,2,0.0004310344827586207
4943045,,,,,2,0.0004310344827586207
4835896,,,,,2,0.0004310344827586207
3875511,4633305.0,,,,2,0.0004310344827586207
4882468,,,,,2,0.0004310344827586207
4931046,,,,,2,0.0004310344827586207
4943382,,,,,2,0.0004310344827586207
4941563,,,,,2,0.0004310344827586207
4792830,,,,,2,0.0004310344827586207
1601920,,,,,2,0.0004310344827586207
4906895,,,,,2,0.0004310344827586207
4940724,,,,,2,0.0004310344827586207
4943860,,,,,2,0.0004310344827586207
562504,4929031.0,,,,2,0.0004310344827586207
1205354,,,,,2,0.0004310344827586207
4844776,,,,,2,0.0004310344827586207
133786,,,,,2,0.0004310344827586207
2564851,,,,,2,0.0004310344827586207
1789166,,,,,2,0.0004310344827586207
4942803,,,,,2,0.0004310344827586207
1791737,,,,,2,0.0004310344827586207
2358863,,,,,2,0.0004310344827586207
4729668,,,,,2,0.0004310344827586207
4806178,,,,,2,0.0004310344827586207
1687873,,,,,2,0.0004310344827586207
4723145,,,,,2,0.0004310344827586207
4944643,,,,,2,0.0004310344827586207
4882782,,,,,2,0.0004310344827586207
4944218,,,,,2,0.0004310344827586207
32704,,,,,2,0.0004310344827586207
2185173,,,,,2,0.0004310344827586207
4826171,,,,,2,0.0004310344827586207
4738295,,,,,2,0.0004310344827586207
1780775,,,,,2,0.0004310344827586207
2223581,,,,,2,0.0004310344827586207
4822746,,,,,2,0.0004310344827586207
4660592,,,,,2,0.0004310344827586207
4807993,,,,,2,0.0004310344827586207
9673,3835221.0,,,,2,0.0004310344827586207
3975496,,,,,2,0.0004310344827586207
3397606,,,,,2,0.0004310344827586207
1547678,,,,,2,0.0004310344827586207
1221659,,,,,2,0.0004310344827586207
4878222,,,,,2,0.0004310344827586207
1035883,,,,,2,0.0004310344827586207
4866047,,,,,2,0.0004310344827586207
4850827,,,,,2,0.0004310344827586207
3733417,,,,,2,0.0004310344827586207
2377489,,,,,2,0.0004310344827586207
1052723,,,,,2,0.0004310344827586207
625235,,,,,2,0.0004310344827586207
4092273,,,,,2,0.0004310344827586207
1415847,,,,,2,0.0004310344827586207
4943587,4943740.0,,,,2,0.0004310344827586207
2353630,,,,,2,0.0004310344827586207
4883289,,,,,2,0.0004310344827586207
2040571,,,,,2,0.0004310344827586207
4943841,,,,,2,0.0004310344827586207
4930535,,,,,2,0.0004310344827586207
4942255,,,,,2,0.0004310344827586207
4796281,4944344.0,,,,2,0.0004310344827586207
4943926,,,,,2,0.0004310344827586207
4373367,,,,,2,0.0004310344827586207
4941555,,,,,2,0.0004310344827586207
4793852,,,,,2,0.0004310344827586207
4869131,,,,,2,0.0004310344827586207
4727964,,,,,2,0.0004310344827586207
4640915,,,,,2,0.0004310344827586207
4845612,,,,,2,0.0004310344827586207
4808327,,,,,2,0.0004310344827586207
4812028,,,,,2,0.0004310344827586207
4943342,,,,,2,0.0004310344827586207
4678262,,,,,2,0.0004310344827586207
4662443,,,,,2,0.0004310344827586207
1846376,2769332.0,,,,2,0.0004310344827586207
4822421,,,,,2,0.0004310344827586207
4660593,,,,,2,0.0004310344827586207
4731493,,,,,2,0.0004310344827586207
3099660,,,,,2,0.0004310344827586207
2707052,,,,,2,0.0004310344827586207
3559023,,,,,2,0.0004310344827586207
4661173,,,,,2,0.0004310344827586207
4839432,,,,,2,0.0004310344827586207
4872950,4944849.0,,,,2,0.0004310344827586207
1737424,,,,,2,0.0004310344827586207
4003459,,,,,2,0.0004310344827586207
2597550,,,,,2,0.0004310344827586207
4800155,,,,,2,0.0004310344827586207
4637280,,,,,2,0.0004310344827586207
4473287,,,,,2,0.0004310344827586207
4288097,,,,,2,0.0004310344827586207
4656133,4626991.0,,,,2,0.0004310344827586207
4944531,,,,,2,0.0004310344827586207
4743150,,,,,2,0.0004310344827586207
4944296,,,,,2,0.0004310344827586207
3444292,,,,,2,0.0004310344827586207
1721587,,,,,2,0.0004310344827586207
4731459,,,,,2,0.0004310344827586207
4908368,,,,,2,0.0004310344827586207
4796980,,,,,2,0.0004310344827586207
4429968,,,,,2,0.0004310344827586207
2205218,,,,,2,0.0004310344827586207
4803745,,,,,2,0.0004310344827586207
4904946,,,,,2,0.0004310344827586207
4944266,,,,,2,0.0004310344827586207
4792020,,,,,2,0.0004310344827586207
4286653,4283993.0,,,,2,0.0004310344827586207
4941727,,,,,2,0.0004310344827586207
4944194,,,,,2,0.0004310344827586207
4942329,,,,,2,0.0004310344827586207
1116886,,,,,2,0.0004310344827586207
4793493,,,,,2,0.0004310344827586207
1775690,,,,,2,0.0004310344827586207
3079888,,,,,2,0.0004310344827586207
4885633,,,,,2,0.0004310344827586207
1934513,,,,,2,0.0004310344827586207
601590,,,,,2,0.0004310344827586207
4941052,4935673.0,,,,2,0.0004310344827586207
2885653,,,,,2,0.0004310344827586207
3034893,,,,,2,0.0004310344827586207
4631809,,,,,2,0.0004310344827586207
4840819,,,,,2,0.0004310344827586207
4459153,,,,,2,0.0004310344827586207
4724134,,,,,2,0.0004310344827586207
4700914,,,,,2,0.0004310344827586207
4670888,,,,,2,0.0004310344827586207
1909059,,,,,2,0.0004310344827586207
4752032,,,,,2,0.0004310344827586207
4944271,,,,,2,0.0004310344827586207
4930608,,,,,2,0.0004310344827586207
4941134,,,,,2,0.0004310344827586207
4798507,4754477.0,,,,2,0.0004310344827586207
4942164,,,,,2,0.0004310344827586207
1790017,,,,,2,0.0004310344827586207
3283758,,,,,2,0.0004310344827586207
2558634,,,,,2,0.0004310344827586207
4942076,,,,,2,0.0004310344827586207
1808959,,,,,2,0.0004310344827586207
4942866,,,,,2,0.0004310344827586207
4800125,,,,,2,0.0004310344827586207
2340310,,,,,2,0.0004310344827586207
4097293,,,,,2,0.0004310344827586207
4944264,,,,,2,0.0004310344827586207
4730700,,,,,2,0.0004310344827586207
4871201,,,,,2,0.0004310344827586207
4943704,,,,,2,0.0004310344827586207
4942994,1294209.0,,,,2,0.0004310344827586207
4942742,,,,,2,0.0004310344827586207
4944429,,,,,2,0.0004310344827586207
4735552,,,,,2,0.0004310344827586207
4943202,,,,,2,0.0004310344827586207
2837606,,,,,2,0.0004310344827586207
4235770,,,,,2,0.0004310344827586207
1496555,,,,,2,0.0004310344827586207
4944252,,,,,2,0.0004310344827586207
4838805,,,,,2,0.0004310344827586207
2181757,,,,,2,0.0004310344827586207
4810842,,,,,2,0.0004310344827586207
3669267,,,,,2,0.0004310344827586207
4935553,,,,,2,0.0004310344827586207
3889892,,,,,2,0.0004310344827586207
3066691,,,,,2,0.0004310344827586207
4923076,,,,,2,0.0004310344827586207
4943509,,,,,2,0.0004310344827586207
4944174,,,,,2,0.0004310344827586207
2776574,4944047.0,,,,2,0.0004310344827586207
4942102,,,,,2,0.0004310344827586207
4731813,,,,,2,0.0004310344827586207
226390,,,,,2,0.0004310344827586207
4723157,,,,,2,0.0004310344827586207
1779040,,,,,2,0.0004310344827586207
4754356,,,,,2,0.0004310344827586207
2229564,,,,,2,0.0004310344827586207
4829095,,,,,2,0.0004310344827586207
4649399,,,,,2,0.0004310344827586207
4453397,,,,,2,0.0004310344827586207
4640187,,,,,2,0.0004310344827586207
4650178,,,,,2,0.0004310344827586207
4867463,,,,,2,0.0004310344827586207
4944269,,,,,2,0.0004310344827586207
3705693,,,,,2,0.0004310344827586207
1822262,1454784.0,,,,2,0.0004310344827586207
4481835,,,,,2,0.0004310344827586207
4321062,,,,,2,0.0004310344827586207
4625840,,,,,2,0.0004310344827586207
1789162,4795272.0,,,,2,0.0004310344827586207
3858674,,,,,2,0.0004310344827586207
1561385,,,,,2,0.0004310344827586207
2370470,,,,,2,0.0004310344827586207
4534600,,,,,2,0.0004310344827586207
4943628,,,,,2,0.0004310344827586207
3928607,,,,,2,0.0004310344827586207
4639404,,,,,2,0.0004310344827586207
4806039,,,,,2,0.0004310344827586207
4943774,,,,,2,0.0004310344827586207
3549020,,,,,2,0.0004310344827586207
2309270,,,,,2,0.0004310344827586207
4943861,524486.0,,,,2,0.0004310344827586207
4822195,,,,,2,0.0004310344827586207
4838915,,,,,2,0.0004310344827586207
3899561,4633383.0,,,,2,0.0004310344827586207
4942049,,,,,2,0.0004310344827586207
4943142,,,,,2,0.0004310344827586207
4942077,,,,,2,0.0004310344827586207
4796303,,,,,2,0.0004310344827586207
4085156,,,,,2,0.0004310344827586207
4668710,,,,,2,0.0004310344827586207
617083,,,,,2,0.0004310344827586207
1983168,,,,,2,0.0004310344827586207
4632280,,,,,2,0.0004310344827586207
4727416,,,,,2,0.0004310344827586207
4630064,,,,,2,0.0004310344827586207
4631228,,,,,2,0.0004310344827586207
4463556,,,,,2,0.0004310344827586207
4860680,,,,,2,0.0004310344827586207
2791800,,,,,2,0.0004310344827586207
3883445,,,,,2,0.0004310344827586207
4857763,,,,,2,0.0004310344827586207
4732538,,,,,2,0.0004310344827586207
4943500,341125.0,,,,2,0.0004310344827586207
1146257,,,,,2,0.0004310344827586207
4832105,,,,,2,0.0004310344827586207
4942828,,,,,2,0.0004310344827586207
4638231,,,,,2,0.0004310344827586207
4941122,,,,,2,0.0004310344827586207
4416732,,,,,2,0.0004310344827586207
4845097,,,,,2,0.0004310344827586207
2288430,4888708.0,4669632.0,,,2,0.0004310344827586207
4778552,,,,,2,0.0004310344827586207
4796824,,,,,2,0.0004310344827586207
4908222,,,,,2,0.0004310344827586207
1320431,,,,,2,0.0004310344827586207
4864849,,,,,2,0.0004310344827586207
4944005,4633398.0,4934844.0,,,2,0.0004310344827586207
4942761,,,,,2,0.0004310344827586207
4944594,,,,,2,0.0004310344827586207
4944324,,,,,2,0.0004310344827586207
527184,,,,,2,0.0004310344827586207
3069293,,,,,2,0.0004310344827586207
1078430,,,,,2,0.0004310344827586207
4865248,,,,,2,0.0004310344827586207
4943532,,,,,2,0.0004310344827586207
602532,4654432.0,,,,2,0.0004310344827586207
4907952,,,,,2,0.0004310344827586207
2787406,,,,,2,0.0004310344827586207
4659193,,,,,2,0.0004310344827586207
4944304,,,,,2,0.0004310344827586207
4798714,,,,,2,0.0004310344827586207
4804214,,,,,2,0.0004310344827586207
4944248,,,,,2,0.0004310344827586207
4943608,,,,,2,0.0004310344827586207
3935408,,,,,2,0.0004310344827586207
4676380,,,,,2,0.0004310344827586207
4633477,4944349.0,,,,2,0.0004310344827586207
4944373,4696025.0,,,,2,0.0004310344827586207
2758629,,,,,2,0.0004310344827586207
4640115,,,,,2,0.0004310344827586207
2685561,,,,,2,0.0004310344827586207
4007247,,,,,2,0.0004310344827586207
4724895,,,,,2,0.0004310344827586207
2689424,,,,,2,0.0004310344827586207
4042866,,,,,2,0.0004310344827586207
4882011,,,,,2,0.0004310344827586207
4941142,,,,,2,0.0004310344827586207
2296179,,,,,2,0.0004310344827586207
4897924,4944316.0,,,,2,0.0004310344827586207
2379440,,,,,2,0.0004310344827586207
1552104,,,,,2,0.0004310344827586207
1791307,4944373.0,,,,2,0.0004310344827586207
4944452,,,,,2,0.0004310344827586207
4943723,,,,,2,0.0004310344827586207
3146073,,,,,2,0.0004310344827586207
4821182,,,,,2,0.0004310344827586207
4941475,,,,,2,0.0004310344827586207
4944648,,,,,2,0.0004310344827586207
4943360,,,,,2,0.0004310344827586207
4930028,,,,,2,0.0004310344827586207
4657984,,,,,2,0.0004310344827586207
4411399,2430215.0,,,,2,0.0004310344827586207
3884127,,,,,2,0.0004310344827586207
4749531,,,,,1,0.00021551724137931034
2241744,,,,,1,0.00021551724137931034
4804703,,,,,1,0.00021551724137931034
4674322,,,,,1,0.00021551724137931034
4625675,1773614.0,,,,1,0.00021551724137931034
4629468,,,,,1,0.00021551724137931034
4192925,,,,,1,0.00021551724137931034
4928869,,,,,1,0.00021551724137931034
1797074,,,,,1,0.00021551724137931034
1754260,,,,,1,0.00021551724137931034
4934089,,,,,1,0.00021551724137931034
4944227,,,,,1,0.00021551724137931034
4943571,,,,,1,0.00021551724137931034
1607647,,,,,1,0.00021551724137931034
4944808,,,,,1,0.00021551724137931034
512857,,,,,1,0.00021551724137931034
517009,,,,,1,0.00021551724137931034
4664589,3309829.0,,,,1,0.00021551724137931034
4744433,,,,,1,0.00021551724137931034
3938981,,,,,1,0.00021551724137931034
4811866,,,,,1,0.00021551724137931034
4625531,2214861.0,,,,1,0.00021551724137931034
4943717,,,,,1,0.00021551724137931034
4800352,,,,,1,0.00021551724137931034
4662959,,,,,1,0.00021551724137931034
4830758,,,,,1,0.00021551724137931034
4752916,,,,,1,0.00021551724137931034
4835563,,,,,1,0.00021551724137931034
4939784,,,,,1,0.00021551724137931034
3549305,,,,,1,0.00021551724137931034
2729154,,,,,1,0.00021551724137931034
4739705,,,,,1,0.00021551724137931034
2218355,,,,,1,0.00021551724137931034
3409214,,,,,1,0.00021551724137931034
1713954,,,,,1,0.00021551724137931034
2326872,,,,,1,0.00021551724137931034
4944365,,,,,1,0.00021551724137931034
2828491,,,,,1,0.00021551724137931034
4752023,,,,,1,0.00021551724137931034
4632470,,,,,1,0.00021551724137931034
4836608,,,,,1,0.00021551724137931034
2978865,,,,,1,0.00021551724137931034
4230783,,,,,1,0.00021551724137931034
4755464,,,,,1,0.00021551724137931034
4935406,,,,,1,0.00021551724137931034
3799539,,,,,1,0.00021551724137931034
4498786,,,,,1,0.00021551724137931034
4860336,579618.0,,,,1,0.00021551724137931034
4678264,,,,,1,0.00021551724137931034
4943472,,,,,1,0.00021551724137931034
4931313,4424439.0,,,,1,0.00021551724137931034
4747200,,,,,1,0.00021551724137931034
4918042,,,,,1,0.00021551724137931034
3479154,,,,,1,0.00021551724137931034
4871977,,,,,1,0.00021551724137931034
4815418,,,,,1,0.00021551724137931034
2129353,,,,,1,0.00021551724137931034
4942309,,,,,1,0.00021551724137931034
2666665,,,,,1,0.00021551724137931034
4741913,,,,,1,0.00021551724137931034
4902434,,,,,1,0.00021551724137931034
87372,,,,,1,0.00021551724137931034
4943348,4260750.0,,,,1,0.00021551724137931034
4837760,,,,,1,0.00021551724137931034
4943110,,,,,1,0.00021551724137931034
4107393,,,,,1,0.00021551724137931034
4723735,,,,,1,0.00021551724137931034
3482594,,,,,1,0.00021551724137931034
4645949,4943376.0,,,,1,0.00021551724137931034
3412478,,,,,1,0.00021551724137931034
507260,,,,,1,0.00021551724137931034
4663176,,,,,1,0.00021551724137931034
3566082,,,,,1,0.00021551724137931034
4865634,,,,,1,0.00021551724137931034
1776286,,,,,1,0.00021551724137931034
3376802,,,,,1,0.00021551724137931034
4632726,,,,,1,0.00021551724137931034
4944045,,,,,1,0.00021551724137931034
4724641,,,,,1,0.00021551724137931034
4832472,,,,,1,0.00021551724137931034
4941054,,,,,1,0.00021551724137931034
4941887,,,,,1,0.00021551724137931034
4219362,,,,,1,0.00021551724137931034
1841954,,,,,1,0.00021551724137931034
4845461,,,,,1,0.00021551724137931034
4942543,,,,,1,0.00021551724137931034
4943546,,,,,1,0.00021551724137931034
614702,,,,,1,0.00021551724137931034
4943313,,,,,1,0.00021551724137931034
4625432,,,,,1,0.00021551724137931034
4944035,,,,,1,0.00021551724137931034
4845743,,,,,1,0.00021551724137931034
4268436,,,,,1,0.00021551724137931034
4943421,,,,,1,0.00021551724137931034
4944453,,,,,1,0.00021551724137931034
1662169,,,,,1,0.00021551724137931034
402468,,,,,1,0.00021551724137931034
4820839,,,,,1,0.00021551724137931034
1788517,,,,,1,0.00021551724137931034
3594860,,,,,1,0.00021551724137931034
3474763,,,,,1,0.00021551724137931034
4943945,,,,,1,0.00021551724137931034
4943740,4260750.0,,,,1,0.00021551724137931034
2738910,,,,,1,0.00021551724137931034
4942380,,,,,1,0.00021551724137931034
4419572,,,,,1,0.00021551724137931034
4906515,,,,,1,0.00021551724137931034
522944,,,,,1,0.00021551724137931034
1822262,1454783.0,,,,1,0.00021551724137931034
4941795,,,,,1,0.00021551724137931034
2330181,,,,,1,0.00021551724137931034
142935,,,,,1,0.00021551724137931034
4943471,,,,,1,0.00021551724137931034
2464641,,,,,1,0.00021551724137931034
4306401,4295772.0,,,,1,0.00021551724137931034
4241612,,,,,1,0.00021551724137931034
4943721,,,,,1,0.00021551724137931034
4405774,,,,,1,0.00021551724137931034
4942089,,,,,1,0.00021551724137931034
4905442,,,,,1,0.00021551724137931034
4672272,,,,,1,0.00021551724137931034
4943740,4944372.0,,,,1,0.00021551724137931034
3405628,,,,,1,0.00021551724137931034
4916099,,,,,1,0.00021551724137931034
1475314,,,,,1,0.00021551724137931034
4721932,,,,,1,0.00021551724137931034
4943428,,,,,1,0.00021551724137931034
4929928,,,,,1,0.00021551724137931034
1774812,1778921.0,,,,1,0.00021551724137931034
4939971,4942313.0,,,,1,0.00021551724137931034
3395616,,,,,1,0.00021551724137931034
4942749,,,,,1,0.00021551724137931034
4361060,4942240.0,,,,1,0.00021551724137931034
4859120,4654243.0,,,,1,0.00021551724137931034
1785537,,,,,1,0.00021551724137931034
2668197,,,,,1,0.00021551724137931034
1307114,,,,,1,0.00021551724137931034
976365,,,,,1,0.00021551724137931034
4232587,,,,,1,0.00021551724137931034
4674401,,,,,1,0.00021551724137931034
4497904,,,,,1,0.00021551724137931034
2047809,,,,,1,0.00021551724137931034
4840760,,,,,1,0.00021551724137931034
3359520,,,,,1,0.00021551724137931034
509228,,,,,1,0.00021551724137931034
341944,4944849.0,,,,1,0.00021551724137931034
3078480,,,,,1,0.00021551724137931034
4246280,,,,,1,0.00021551724137931034
2634944,,,,,1,0.00021551724137931034
2240436,,,,,1,0.00021551724137931034
4943961,,,,,1,0.00021551724137931034
4634468,,,,,1,0.00021551724137931034
4087280,,,,,1,0.00021551724137931034
4657174,,,,,1,0.00021551724137931034
334105,4916674.0,,,,1,0.00021551724137931034
4631507,4260750.0,,,,1,0.00021551724137931034
4697528,,,,,1,0.00021551724137931034
4812040,,,,,1,0.00021551724137931034
4934120,,,,,1,0.00021551724137931034
4944335,,,,,1,0.00021551724137931034
4478413,,,,,1,0.00021551724137931034
1150823,4944373.0,,,,1,0.00021551724137931034
4791494,,,,,1,0.00021551724137931034
2221135,,,,,1,0.00021551724137931034
2734028,,,,,1,0.00021551724137931034
1600347,,,,,1,0.00021551724137931034
2825378,,,,,1,0.00021551724137931034
4880196,,,,,1,0.00021551724137931034
4944043,,,,,1,0.00021551724137931034
4428748,,,,,1,0.00021551724137931034
3875346,4944361.0,,,,1,0.00021551724137931034
3210500,,,,,1,0.00021551724137931034
4760033,,,,,1,0.00021551724137931034
4941527,,,,,1,0.00021551724137931034
2369354,,,,,1,0.00021551724137931034
4229214,,,,,1,0.00021551724137931034
4904809,,,,,1,0.00021551724137931034
4631805,4944371.0,,,,1,0.00021551724137931034
91123,,,,,1,0.00021551724137931034
4832377,,,,,1,0.00021551724137931034
4860556,4942845.0,,,,1,0.00021551724137931034
2739712,,,,,1,0.00021551724137931034
3464736,,,,,1,0.00021551724137931034
4523665,,,,,1,0.00021551724137931034
4674056,,,,,1,0.00021551724137931034
2356955,,,,,1,0.00021551724137931034
4943609,4674797.0,,,,1,0.00021551724137931034
3894194,,,,,1,0.00021551724137931034
4722146,,,,,1,0.00021551724137931034
4631563,,,,,1,0.00021551724137931034
3190345,,,,,1,0.00021551724137931034
4931228,,,,,1,0.00021551724137931034
4644199,,,,,1,0.00021551724137931034
4489372,,,,,1,0.00021551724137931034
4943632,,,,,1,0.00021551724137931034
4812656,,,,,1,0.00021551724137931034
4944298,,,,,1,0.00021551724137931034
4944782,,,,,1,0.00021551724137931034
4909549,1862128.0,,,,1,0.00021551724137931034
4941911,,,,,1,0.00021551724137931034
4943595,4942828.0,,,,1,0.00021551724137931034
4557167,,,,,1,0.00021551724137931034
4943586,,,,,1,0.00021551724137931034
3061506,,,,,1,0.00021551724137931034
4819960,,,,,1,0.00021551724137931034
4796705,,,,,1,0.00021551724137931034
4792728,,,,,1,0.00021551724137931034
517749,4943993.0,,,,1,0.00021551724137931034
1847838,,,,,1,0.00021551724137931034
4842466,,,,,1,0.00021551724137931034
2231619,,,,,1,0.00021551724137931034
4838018,,,,,1,0.00021551724137931034
4641324,,,,,1,0.00021551724137931034
4804395,,,,,1,0.00021551724137931034
4944795,,,,,1,0.00021551724137931034
4889615,,,,,1,0.00021551724137931034
1860788,,,,,1,0.00021551724137931034
4944328,,,,,1,0.00021551724137931034
4652890,4260750.0,,,,1,0.00021551724137931034
2717614,,,,,1,0.00021551724137931034
4812426,,,,,1,0.00021551724137931034
4432588,2330386.0,,,,1,0.00021551724137931034
2621298,,,,,1,0.00021551724137931034
4944351,,,,,1,0.00021551724137931034
4943521,,,,,1,0.00021551724137931034
4650345,,,,,1,0.00021551724137931034
4672624,,,,,1,0.00021551724137931034
4795224,,,,,1,0.00021551724137931034
4674759,,,,,1,0.00021551724137931034
4187475,,,,,1,0.00021551724137931034
4651429,,,,,1,0.00021551724137931034
112165,,,,,1,0.00021551724137931034
236952,4943532.0,,,,1,0.00021551724137931034
681061,,,,,1,0.00021551724137931034
4944555,,,,,1,0.00021551724137931034
395300,,,,,1,0.00021551724137931034
4743177,,,,,1,0.00021551724137931034
2291955,,,,,1,0.00021551724137931034
4944847,,,,,1,0.00021551724137931034
2930578,,,,,1,0.00021551724137931034
4273249,,,,,1,0.00021551724137931034
4726830,,,,,1,0.00021551724137931034
4712353,4944349.0,,,,1,0.00021551724137931034
1315302,,,,,1,0.00021551724137931034
4629842,,,,,1,0.00021551724137931034
4817690,,,,,1,0.00021551724137931034
2371106,,,,,1,0.00021551724137931034
637826,,,,,1,0.00021551724137931034
4943945,4882740.0,,,,1,0.00021551724137931034
4635495,,,,,1,0.00021551724137931034
4633253,,,,,1,0.00021551724137931034
4852740,,,,,1,0.00021551724137931034
3711568,4669632.0,,,,1,0.00021551724137931034
4725377,,,,,1,0.00021551724137931034
4641161,,,,,1,0.00021551724137931034
4880709,,,,,1,0.00021551724137931034
4467018,2379164.0,,,,1,0.00021551724137931034
4943666,,,,,1,0.00021551724137931034
4626124,,,,,1,0.00021551724137931034
4860503,4760148.0,,,,1,0.00021551724137931034
4942944,,,,,1,0.00021551724137931034
3190845,,,,,1,0.00021551724137931034
4754660,,,,,1,0.00021551724137931034
4836811,,,,,1,0.00021551724137931034
4323425,,,,,1,0.00021551724137931034
4870673,,,,,1,0.00021551724137931034
4676089,,,,,1,0.00021551724137931034
4796085,,,,,1,0.00021551724137931034
4643139,,,,,1,0.00021551724137931034
4865925,,,,,1,0.00021551724137931034
878535,,,,,1,0.00021551724137931034
1810297,4809035.0,,,,1,0.00021551724137931034
673417,,,,,1,0.00021551724137931034
4943750,,,,,1,0.00021551724137931034
4942270,,,,,1,0.00021551724137931034
412599,,,,,1,0.00021551724137931034
4944306,,,,,1,0.00021551724137931034
2376332,4870323.0,,,,1,0.00021551724137931034
2123696,,,,,1,0.00021551724137931034
4934203,,,,,1,0.00021551724137931034
4944289,,,,,1,0.00021551724137931034
2856173,,,,,1,0.00021551724137931034
4943516,,,,,1,0.00021551724137931034
4643984,,,,,1,0.00021551724137931034
4926501,,,,,1,0.00021551724137931034
4944261,,,,,1,0.00021551724137931034
4944333,4943506.0,,,,1,0.00021551724137931034
4842494,,,,,1,0.00021551724137931034
2735222,,,,,1,0.00021551724137931034
4942347,,,,,1,0.00021551724137931034
4943377,,,,,1,0.00021551724137931034
4899764,,,,,1,0.00021551724137931034
306445,,,,,1,0.00021551724137931034
4048785,,,,,1,0.00021551724137931034
4678926,,,,,1,0.00021551724137931034
4897638,,,,,1,0.00021551724137931034
4943513,,,,,1,0.00021551724137931034
4805131,,,,,1,0.00021551724137931034
4795441,,,,,1,0.00021551724137931034
4461373,,,,,1,0.00021551724137931034
4888522,4944047.0,,,,1,0.00021551724137931034
4943614,4880010.0,,,,1,0.00021551724137931034
2214623,4260750.0,,,,1,0.00021551724137931034
4801500,,,,,1,0.00021551724137931034
4874258,,,,,1,0.00021551724137931034
4748353,,,,,1,0.00021551724137931034
4805821,,,,,1,0.00021551724137931034
2156690,,,,,1,0.00021551724137931034
4835456,,,,,1,0.00021551724137931034
4793708,,,,,1,0.00021551724137931034
4732101,,,,,1,0.00021551724137931034
4943893,,,,,1,0.00021551724137931034
1150358,,,,,1,0.00021551724137931034
4906076,,,,,1,0.00021551724137931034
2127938,,,,,1,0.00021551724137931034
4627147,,,,,1,0.00021551724137931034
4831785,4625171.0,,,,1,0.00021551724137931034
4943049,,,,,1,0.00021551724137931034
4935552,,,,,1,0.00021551724137931034
4941772,,,,,1,0.00021551724137931034
1329208,,,,,1,0.00021551724137931034
2661085,,,,,1,0.00021551724137931034
959183,,,,,1,0.00021551724137931034
4662419,,,,,1,0.00021551724137931034
282748,,,,,1,0.00021551724137931034
620554,,,,,1,0.00021551724137931034
4727411,,,,,1,0.00021551724137931034
4645693,,,,,1,0.00021551724137931034
4944371,,,,,1,0.00021551724137931034
4754267,,,,,1,0.00021551724137931034
4939045,,,,,1,0.00021551724137931034
2298951,,,,,1,0.00021551724137931034
4837148,,,,,1,0.00021551724137931034
4944028,4722719.0,,,,1,0.00021551724137931034
4942616,,,,,1,0.00021551724137931034
4630990,,,,,1,0.00021551724137931034
373086,,,,,1,0.00021551724137931034
3854460,,,,,1,0.00021551724137931034
4796281,,,,,1,0.00021551724137931034
508032,,,,,1,0.00021551724137931034
4677199,,,,,1,0.00021551724137931034
1251193,,,,,1,0.00021551724137931034
1695606,4658923.0,,,,1,0.00021551724137931034
4660629,,,,,1,0.00021551724137931034
4819156,,,,,1,0.00021551724137931034
1607134,,,,,1,0.00021551724137931034
2953811,,,,,1,0.00021551724137931034
4111659,4082148.0,,,,1,0.00021551724137931034
4943140,,,,,1,0.00021551724137931034
2345195,,,,,1,0.00021551724137931034
4828691,,,,,1,0.00021551724137931034
1264978,,,,,1,0.00021551724137931034
3942695,3309829.0,,,,1,0.00021551724137931034
4944312,4260750.0,,,,1,0.00021551724137931034
4871191,,,,,1,0.00021551724137931034
4625614,,,,,1,0.00021551724137931034
4738001,4943905.0,,,,1,0.00021551724137931034
4940430,,,,,1,0.00021551724137931034
4383417,,,,,1,0.00021551724137931034
3684040,,,,,1,0.00021551724137931034
1698352,4898991.0,,,,1,0.00021551724137931034
4944032,,,,,1,0.00021551724137931034
4906009,,,,,1,0.00021551724137931034
4738220,,,,,1,0.00021551724137931034
4661440,4942167.0,,,,1,0.00021551724137931034
4886590,,,,,1,0.00021551724137931034
4645894,4678805.0,,,,1,0.00021551724137931034
4246337,,,,,1,0.00021551724137931034
4943515,,,,,1,0.00021551724137931034
1840380,,,,,1,0.00021551724137931034
4910201,,,,,1,0.00021551724137931034
4807236,3309829.0,,,,1,0.00021551724137931034
4943580,,,,,1,0.00021551724137931034
4943500,4944787.0,,,,1,0.00021551724137931034
4738800,,,,,1,0.00021551724137931034
4796424,,,,,1,0.00021551724137931034
4640680,,,,,1,0.00021551724137931034
2445108,,,,,1,0.00021551724137931034
2591176,,,,,1,0.00021551724137931034
4944503,,,,,1,0.00021551724137931034
4943458,,,,,1,0.00021551724137931034
1250500,,,,,1,0.00021551724137931034
2351377,,,,,1,0.00021551724137931034
3076828,,,,,1,0.00021551724137931034
4735612,,,,,1,0.00021551724137931034
4838886,4669632.0,,,,1,0.00021551724137931034
2083675,,,,,1,0.00021551724137931034
4663928,,,,,1,0.00021551724137931034
2205981,,,,,1,0.00021551724137931034
4942895,,,,,1,0.00021551724137931034
4939186,1689859.0,,,,1,0.00021551724137931034
2368445,,,,,1,0.00021551724137931034
4944212,,,,,1,0.00021551724137931034
2278982,,,,,1,0.00021551724137931034
2090385,,,,,1,0.00021551724137931034
4944510,,,,,1,0.00021551724137931034
4942813,,,,,1,0.00021551724137931034
4887680,,,,,1,0.00021551724137931034
4629791,,,,,1,0.00021551724137931034
4351414,4899306.0,,,,1,0.00021551724137931034
4739042,,,,,1,0.00021551724137931034
4661440,,,,,1,0.00021551724137931034
4633177,,,,,1,0.00021551724137931034
520727,,,,,1,0.00021551724137931034
2715568,,,,,1,0.00021551724137931034
4943942,,,,,1,0.00021551724137931034
3738968,,,,,1,0.00021551724137931034
3342361,,,,,1,0.00021551724137931034
4728050,,,,,1,0.00021551724137931034
4923140,,,,,1,0.00021551724137931034
4943487,,,,,1,0.00021551724137931034
4943872,,,,,1,0.00021551724137931034
4868905,,,,,1,0.00021551724137931034
517343,,,,,1,0.00021551724137931034
4660427,,,,,1,0.00021551724137931034
4883982,4260750.0,,,,1,0.00021551724137931034
4943203,,,,,1,0.00021551724137931034
4225113,,,,,1,0.00021551724137931034
4900106,,,,,1,0.00021551724137931034
520413,,,,,1,0.00021551724137931034
4260832,,,,,1,0.00021551724137931034
4941201,,,,,1,0.00021551724137931034
1809413,,,,,1,0.00021551724137931034
4465944,,,,,1,0.00021551724137931034
1297443,,,,,1,0.00021551724137931034
4942445,,,,,1,0.00021551724137931034
4625701,,,,,1,0.00021551724137931034
4943426,,,,,1,0.00021551724137931034
4757757,,,,,1,0.00021551724137931034
2737426,,,,,1,0.00021551724137931034
3063942,,,,,1,0.00021551724137931034
4906451,,,,,1,0.00021551724137931034
4875432,,,,,1,0.00021551724137931034
4656504,,,,,1,0.00021551724137931034
4307292,,,,,1,0.00021551724137931034
4906013,,,,,1,0.00021551724137931034
4725081,,,,,1,0.00021551724137931034
4725754,,,,,1,0.00021551724137931034
670195,,,,,1,0.00021551724137931034
4941423,,,,,1,0.00021551724137931034
4254054,,,,,1,0.00021551724137931034
4944333,4732202.0,,,,1,0.00021551724137931034
4941282,,,,,1,0.00021551724137931034
4944056,,,,,1,0.00021551724137931034
2777489,,,,,1,0.00021551724137931034
2360073,,,,,1,0.00021551724137931034
4944364,,,,,1,0.00021551724137931034
4944401,2352839.0,,,,1,0.00021551724137931034
4943668,,,,,1,0.00021551724137931034
3401877,4641739.0,,,,1,0.00021551724137931034
4837103,,,,,1,0.00021551724137931034
4942145,,,,,1,0.00021551724137931034
4217096,,,,,1,0.00021551724137931034
1797203,,,,,1,0.00021551724137931034
4860205,4796079.0,,,,1,0.00021551724137931034
4937264,,,,,1,0.00021551724137931034
215624,,,,,1,0.00021551724137931034
4675116,,,,,1,0.00021551724137931034
4943454,1767144.0,,,,1,0.00021551724137931034
4835047,,,,,1,0.00021551724137931034
4841719,,,,,1,0.00021551724137931034
4047850,,,,,1,0.00021551724137931034
3137325,,,,,1,0.00021551724137931034
4671689,,,,,1,0.00021551724137931034
4943726,,,,,1,0.00021551724137931034
4943145,,,,,1,0.00021551724137931034
4897672,,,,,1,0.00021551724137931034
4942843,,,,,1,0.00021551724137931034
4682629,,,,,1,0.00021551724137931034
1172711,,,,,1,0.00021551724137931034
1827607,,,,,1,0.00021551724137931034
612985,,,,,1,0.00021551724137931034
190146,3317140.0,,,,1,0.00021551724137931034
4667827,3874667.0,,,,1,0.00021551724137931034
4909238,,,,,1,0.00021551724137931034
4278301,,,,,1,0.00021551724137931034
4943314,4845392.0,,,,1,0.00021551724137931034
4867953,,,,,1,0.00021551724137931034
4944637,,,,,1,0.00021551724137931034
4944327,,,,,1,0.00021551724137931034
4805697,,,,,1,0.00021551724137931034
4726749,,,,,1,0.00021551724137931034
2326617,,,,,1,0.00021551724137931034
4943653,,,,,1,0.00021551724137931034
4902330,,,,,1,0.00021551724137931034
4169303,,,,,1,0.00021551724137931034
2336890,,,,,1,0.00021551724137931034
4659799,,,,,1,0.00021551724137931034
679801,,,,,1,0.00021551724137931034
4802532,,,,,1,0.00021551724137931034
4490153,4385743.0,,,,1,0.00021551724137931034
1837803,,,,,1,0.00021551724137931034
4679384,,,,,1,0.00021551724137931034
4748759,,,,,1,0.00021551724137931034
2287958,,,,,1,0.00021551724137931034
4228558,,,,,1,0.00021551724137931034
4944202,,,,,1,0.00021551724137931034
4943859,,,,,1,0.00021551724137931034
1818843,,,,,1,0.00021551724137931034
4841748,,,,,1,0.00021551724137931034
2839757,,,,,1,0.00021551724137931034
4905151,,,,,1,0.00021551724137931034
2675231,,,,,1,0.00021551724137931034
2326206,,,,,1,0.00021551724137931034
4944244,,,,,1,0.00021551724137931034
4834325,,,,,1,0.00021551724137931034
2980725,,,,,1,0.00021551724137931034
4238951,,,,,1,0.00021551724137931034
1809608,,,,,1,0.00021551724137931034
1700263,,,,,1,0.00021551724137931034
4661632,,,,,1,0.00021551724137931034
1668535,,,,,1,0.00021551724137931034
2205314,4943416.0,,,,1,0.00021551724137931034
4678923,,,,,1,0.00021551724137931034
4942170,,,,,1,0.00021551724137931034
2345077,,,,,1,0.00021551724137931034
2318961,,,,,1,0.00021551724137931034
2729858,,,,,1,0.00021551724137931034
1030522,,,,,1,0.00021551724137931034
4015054,,,,,1,0.00021551724137931034
4640121,,,,,1,0.00021551724137931034
2675388,,,,,1,0.00021551724137931034
2317460,,,,,1,0.00021551724137931034
4915929,,,,,1,0.00021551724137931034
4888556,,,,,1,0.00021551724137931034
3490193,,,,,1,0.00021551724137931034
4942362,,,,,1,0.00021551724137931034
2097286,,,,,1,0.00021551724137931034
2660257,,,,,1,0.00021551724137931034
334107,4916674.0,,,,1,0.00021551724137931034
4943445,,,,,1,0.00021551724137931034
4262848,,,,,1,0.00021551724137931034
4941456,,,,,1,0.00021551724137931034
4737418,,,,,1,0.00021551724137931034
4943436,,,,,1,0.00021551724137931034
4644687,,,,,1,0.00021551724137931034
4828586,,,,,1,0.00021551724137931034
2714795,,,,,1,0.00021551724137931034
4626662,,,,,1,0.00021551724137931034
4943162,,,,,1,0.00021551724137931034
4711308,,,,,1,0.00021551724137931034
2448669,4942864.0,,,,1,0.00021551724137931034
4919190,,,,,1,0.00021551724137931034
4861292,,,,,1,0.00021551724137931034
4873356,,,,,1,0.00021551724137931034
4673243,,,,,1,0.00021551724137931034
4942346,,,,,1,0.00021551724137931034
4087573,,,,,1,0.00021551724137931034
4944206,,,,,1,0.00021551724137931034
4637176,,,,,1,0.00021551724137931034
1433041,,,,,1,0.00021551724137931034
4629009,,,,,1,0.00021551724137931034
1820078,,,,,1,0.00021551724137931034
4944184,,,,,1,0.00021551724137931034
1774687,,,,,1,0.00021551724137931034
4944263,,,,,1,0.00021551724137931034
4903691,,,,,1,0.00021551724137931034
1132685,4631213.0,,,,1,0.00021551724137931034
4627064,,,,,1,0.00021551724137931034
4794740,,,,,1,0.00021551724137931034
4944265,,,,,1,0.00021551724137931034
4646611,,,,,1,0.00021551724137931034
4944219,,,,,1,0.00021551724137931034
4944316,4943513.0,,,,1,0.00021551724137931034
4808265,,,,,1,0.00021551724137931034
4905361,,,,,1,0.00021551724137931034
4431936,3309829.0,,,,1,0.00021551724137931034
4943384,,,,,1,0.00021551724137931034
443587,,,,,1,0.00021551724137931034
2680785,,,,,1,0.00021551724137931034
4944349,,,,,1,0.00021551724137931034
4753997,,,,,1,0.00021551724137931034
4728683,,,,,1,0.00021551724137931034
683248,,,,,1,0.00021551724137931034
3709031,,,,,1,0.00021551724137931034
11327,,,,,1,0.00021551724137931034
4881130,4943377.0,,,,1,0.00021551724137931034
4944335,4398708.0,,,,1,0.00021551724137931034
4943772,,,,,1,0.00021551724137931034
1220726,,,,,1,0.00021551724137931034
2368609,4943391.0,,,,1,0.00021551724137931034
4885365,,,,,1,0.00021551724137931034
2044744,,,,,1,0.00021551724137931034
4793198,4260750.0,,,,1,0.00021551724137931034
4941334,,,,,1,0.00021551724137931034
4482612,,,,,1,0.00021551724137931034
937543,,,,,1,0.00021551724137931034
4944242,,,,,1,0.00021551724137931034
